model,horizon,mse_mean,mse_std,mae_mean,mae_std
cnn_transformer,90,131725.2015625,4237.540198608937,284.9126892089844,5.7690169847188155
cnn_transformer,365,179540.6125,5436.12381115982,310.7817138671875,2.7848312926352157
lstm,90,138870.378125,12303.698778760658,296.1077026367187,12.698274510024962
lstm,365,194343.871875,8947.04156845633,327.17962036132815,9.063030007228651
transformer,90,124860.446875,5981.25968959783,283.1321166992187,4.644180820341513
transformer,365,180228.6,5004.497106333931,310.5391906738281,5.464616198135997
